-- phpMyAdmin SQL Dump
-- version 5.2.1
-- https://www.phpmyadmin.net/
--
-- Host: 127.0.0.1
-- Creato il: Feb 17, 2025 alle 23:23
-- Versione del server: 10.4.32-MariaDB
-- Versione PHP: 8.2.12

SET SQL_MODE = "NO_AUTO_VALUE_ON_ZERO";
START TRANSACTION;
SET time_zone = "+00:00";


/*!40101 SET @OLD_CHARACTER_SET_CLIENT=@@CHARACTER_SET_CLIENT */;
/*!40101 SET @OLD_CHARACTER_SET_RESULTS=@@CHARACTER_SET_RESULTS */;
/*!40101 SET @OLD_COLLATION_CONNECTION=@@COLLATION_CONNECTION */;
/*!40101 SET NAMES utf8mb4 */;

--
-- Database: `library_db`
--

-- --------------------------------------------------------

--
-- Struttura della tabella `authors`
--

CREATE TABLE `authors` (
  `id` int(11) NOT NULL,
  `name` varchar(255) NOT NULL
) ENGINE=InnoDB DEFAULT CHARSET=utf8mb4 COLLATE=utf8mb4_general_ci;

--
-- Dump dei dati per la tabella `authors`
--

INSERT INTO `authors` (`id`, `name`) VALUES
(1, 'J.K. Rowling'),
(2, 'George R.R. Martin'),
(3, 'J.R.R. Tolkien'),
(4, 'CS Lewis');

-- --------------------------------------------------------

--
-- Struttura della tabella `books`
--

CREATE TABLE `books` (
  `id` int(11) NOT NULL,
  `title` varchar(255) NOT NULL,
  `author_id` int(11) NOT NULL,
  `available` tinyint(1) NOT NULL DEFAULT 1,
  `image_url` text DEFAULT NULL,
  `plot` text DEFAULT NULL
) ENGINE=InnoDB DEFAULT CHARSET=utf8mb4 COLLATE=utf8mb4_general_ci;

--
-- Dump dei dati per la tabella `books`
--

INSERT INTO `books` (`id`, `title`, `author_id`, `available`, `image_url`, `plot`) VALUES
(1, 'Harry Potter e la Pietra Filosofale', 1, 1, 'https://m.media-amazon.com/images/I/81uod0Mf4KL._UF1000,1000_QL80_.jpg', 'Harry Potter e la pietra filosofale racconta la storia di un ragazzo di undici anni, Harry, che scopre di essere un mago e riceve un invito a frequentare la scuola di magia di Hogwarts. Lì fa nuove amicizie, apprende l\'arte della magia e scopre un misterioso oggetto chiamato \"Pietra Filosofale\", che conferisce l\'immortalità. Insieme ai suoi amici Ron e Hermione, Harry affronta pericoli e misteri, cercando di proteggere la pietra da chi vuole usarla per scopi malvagi, tra cui il malvagio mago Voldemort.'),
(2, 'Game of Thrones', 2, 1, 'https://m.media-amazon.com/images/M/MV5BMTNhMDJmNmYtNDQ5OS00ODdlLWE0ZDAtZTgyYTIwNDY3OTU3XkEyXkFqcGc@._V1_FMjpg_UX1000_.jpg', 'Il trono di spade (titolo originale A Game of Thrones) è il primo libro della serie Le cronache del ghiaccio e del fuoco di George R.R. Martin. La trama si svolge nei Sette Regni di Westeros, dove le famiglie nobili lottano per il potere e il controllo del Trono di Spade, la sedia su cui siede il re dei Sette Regni. La storia segue diverse linee narrative, tra cui quella di Eddard Stark, Lord di Winterfell, che viene nominato Primo Cavaliere del re, e quella di Daenerys Targaryen, l ultima discendente di una famiglia regale esiliata. Con intrighi, tradimenti, alleanze e guerre, i protagonisti devono affrontare non solo i pericoli politici, ma anche misteriose minacce che vengono dal Nord, dove il ghiaccio e le creature leggendarie incombono sul destino di tutti.'),
(3, 'Il Signore degli Anelli', 3, 0, 'https://m.media-amazon.com/images/M/MV5BMWQ1ODEwYmMtMGJiMS00ZDQyLWFjMjQtNzVhNTk5NjRmOGYzXkEyXkFqcGc@._V1_FMjpg_UX1000_.jpg', 'Il Signore degli Anelli di J.R.R. Tolkien è una trilogia che racconta la lotta per distruggere l Unico Anello, un potente oggetto magico creato dal malvagio Sauron per dominare la Terra di Mezzo. Il giovane hobbit Frodo Baggins, insieme a un gruppo di amici e alleati, intraprende un viaggio per distruggere l anello gettandolo nel Monte Fato, il vulcano dove fu forgiato. Mentre Frodo e i suoi compagni affrontano sfide e pericoli, Sauron cerca di riacquistare il potere e conquistare il mondo. La trilogia esplora temi di coraggio, amicizia, e sacrificio.'),
(4, 'Le cronache di Narnia', 4, 1, 'https://m.media-amazon.com/images/I/61+NchQlVrL._AC_.jpg', 'Questo libro parla di quattro fratelli (lucy, Susan, Edmund e Peter) che durante la seconda  guerra mondiale vengono spediti  in una casa di campagna. In questa casa devono rispettare le regole  della severa governante. Un giorno mentre giocano a nascondino, Lucy la sorella minore scopre un mondo parallelo (Narnia) attraverso un guardaroba.  Questa terra è comandata dalla strega bianca che si è impossessata del regno dal legittimo re Aslan');

-- --------------------------------------------------------

--
-- Struttura della tabella `cache`
--

CREATE TABLE `cache` (
  `key` varchar(255) NOT NULL,
  `value` mediumtext NOT NULL,
  `expiration` int(11) NOT NULL
) ENGINE=InnoDB DEFAULT CHARSET=utf8mb4 COLLATE=utf8mb4_unicode_ci;

-- --------------------------------------------------------

--
-- Struttura della tabella `cache_locks`
--

CREATE TABLE `cache_locks` (
  `key` varchar(255) NOT NULL,
  `owner` varchar(255) NOT NULL,
  `expiration` int(11) NOT NULL
) ENGINE=InnoDB DEFAULT CHARSET=utf8mb4 COLLATE=utf8mb4_unicode_ci;

-- --------------------------------------------------------

--
-- Struttura della tabella `failed_jobs`
--

CREATE TABLE `failed_jobs` (
  `id` bigint(20) UNSIGNED NOT NULL,
  `uuid` varchar(255) NOT NULL,
  `connection` text NOT NULL,
  `queue` text NOT NULL,
  `payload` longtext NOT NULL,
  `exception` longtext NOT NULL,
  `failed_at` timestamp NOT NULL DEFAULT current_timestamp()
) ENGINE=InnoDB DEFAULT CHARSET=utf8mb4 COLLATE=utf8mb4_unicode_ci;

-- --------------------------------------------------------

--
-- Struttura della tabella `jobs`
--

CREATE TABLE `jobs` (
  `id` bigint(20) UNSIGNED NOT NULL,
  `queue` varchar(255) NOT NULL,
  `payload` longtext NOT NULL,
  `attempts` tinyint(3) UNSIGNED NOT NULL,
  `reserved_at` int(10) UNSIGNED DEFAULT NULL,
  `available_at` int(10) UNSIGNED NOT NULL,
  `created_at` int(10) UNSIGNED NOT NULL
) ENGINE=InnoDB DEFAULT CHARSET=utf8mb4 COLLATE=utf8mb4_unicode_ci;

-- --------------------------------------------------------

--
-- Struttura della tabella `job_batches`
--

CREATE TABLE `job_batches` (
  `id` varchar(255) NOT NULL,
  `name` varchar(255) NOT NULL,
  `total_jobs` int(11) NOT NULL,
  `pending_jobs` int(11) NOT NULL,
  `failed_jobs` int(11) NOT NULL,
  `failed_job_ids` longtext NOT NULL,
  `options` mediumtext DEFAULT NULL,
  `cancelled_at` int(11) DEFAULT NULL,
  `created_at` int(11) NOT NULL,
  `finished_at` int(11) DEFAULT NULL
) ENGINE=InnoDB DEFAULT CHARSET=utf8mb4 COLLATE=utf8mb4_unicode_ci;

-- --------------------------------------------------------

--
-- Struttura della tabella `loans`
--

CREATE TABLE `loans` (
  `id` int(11) NOT NULL,
  `book_id` int(11) NOT NULL,
  `loan_date` date NOT NULL,
  `return_date` date DEFAULT NULL
) ENGINE=InnoDB DEFAULT CHARSET=utf8mb4 COLLATE=utf8mb4_general_ci;

--
-- Dump dei dati per la tabella `loans`
--

INSERT INTO `loans` (`id`, `book_id`, `loan_date`, `return_date`) VALUES
(1, 1, '2025-01-01', '2025-01-05'),
(2, 2, '2025-01-03', '2025-02-10'),
(3, 2, '2025-02-10', '2025-02-10'),
(4, 1, '2025-02-10', '2025-02-10'),
(5, 1, '2025-02-10', '2025-02-10'),
(6, 2, '2025-02-10', '2025-02-10');

-- --------------------------------------------------------

--
-- Struttura della tabella `migrations`
--

CREATE TABLE `migrations` (
  `id` int(10) UNSIGNED NOT NULL,
  `migration` varchar(255) NOT NULL,
  `batch` int(11) NOT NULL
) ENGINE=InnoDB DEFAULT CHARSET=utf8mb4 COLLATE=utf8mb4_unicode_ci;

--
-- Dump dei dati per la tabella `migrations`
--

INSERT INTO `migrations` (`id`, `migration`, `batch`) VALUES
(1, '0001_01_01_000000_create_users_table', 1),
(2, '0001_01_01_000001_create_cache_table', 1),
(3, '0001_01_01_000002_create_jobs_table', 1);

-- --------------------------------------------------------

--
-- Struttura della tabella `password_reset_tokens`
--

CREATE TABLE `password_reset_tokens` (
  `email` varchar(255) NOT NULL,
  `token` varchar(255) NOT NULL,
  `created_at` timestamp NULL DEFAULT NULL
) ENGINE=InnoDB DEFAULT CHARSET=utf8mb4 COLLATE=utf8mb4_unicode_ci;

-- --------------------------------------------------------

--
-- Struttura della tabella `sessions`
--

CREATE TABLE `sessions` (
  `id` varchar(255) NOT NULL,
  `user_id` bigint(20) UNSIGNED DEFAULT NULL,
  `ip_address` varchar(45) DEFAULT NULL,
  `user_agent` text DEFAULT NULL,
  `payload` longtext NOT NULL,
  `last_activity` int(11) NOT NULL
) ENGINE=InnoDB DEFAULT CHARSET=utf8mb4 COLLATE=utf8mb4_unicode_ci;

--
-- Dump dei dati per la tabella `sessions`
--

INSERT INTO `sessions` (`id`, `user_id`, `ip_address`, `user_agent`, `payload`, `last_activity`) VALUES
('0GLRLqeC44V15sq6yDcTGuFbjpUK5JjYIxo0Ngye', NULL, '127.0.0.1', 'Mozilla/5.0 (Windows NT 10.0; Win64; x64) AppleWebKit/537.36 (KHTML, like Gecko) Herd/1.14.0 Chrome/120.0.6099.291 Electron/28.2.5 Safari/537.36', 'YTozOntzOjY6Il90b2tlbiI7czo0MDoiN0phcXh2ME1RRkN4bVlZaldORXRZQ1FLWHR5YzNja1Q3WVp6Tk1QNiI7czo5OiJfcHJldmlvdXMiO2E6MTp7czozOiJ1cmwiO3M6MzM6Imh0dHA6Ly9saWJyYXJ5LnRlc3QvP2hlcmQ9cHJldmlldyI7fXM6NjoiX2ZsYXNoIjthOjI6e3M6Mzoib2xkIjthOjA6e31zOjM6Im5ldyI7YTowOnt9fX0=', 1739829034),
('3PvKqOHVf2ke7uhDM55CUZJ8BDFaFLGmoeVOLa6z', NULL, '127.0.0.1', 'Mozilla/5.0 (Windows NT 10.0; Win64; x64) AppleWebKit/537.36 (KHTML, like Gecko) Herd/1.14.0 Chrome/120.0.6099.291 Electron/28.2.5 Safari/537.36', 'YTozOntzOjY6Il90b2tlbiI7czo0MDoiZVEwU3JXdEtKRlhadWxVRU16RG9vZWVKcFNGZlBoOWJ3QzJCMHJJTCI7czo5OiJfcHJldmlvdXMiO2E6MTp7czozOiJ1cmwiO3M6MzM6Imh0dHA6Ly9saWJyYXJ5LnRlc3QvP2hlcmQ9cHJldmlldyI7fXM6NjoiX2ZsYXNoIjthOjI6e3M6Mzoib2xkIjthOjA6e31zOjM6Im5ldyI7YTowOnt9fX0=', 1739830070),
('3xnehfrIwU2nHIpDC61DtnY0j2OSDUIl8fJ7bAt3', NULL, '127.0.0.1', 'Mozilla/5.0 (Windows NT 10.0; Win64; x64) AppleWebKit/537.36 (KHTML, like Gecko) Herd/1.14.0 Chrome/120.0.6099.291 Electron/28.2.5 Safari/537.36', 'YTozOntzOjY6Il90b2tlbiI7czo0MDoiY092cW1rWGRDZ2FocU05RmtkRFgzbFpwZU9CN0ZKN2gxNVFTUWRKZSI7czo5OiJfcHJldmlvdXMiO2E6MTp7czozOiJ1cmwiO3M6MzM6Imh0dHA6Ly9saWJyYXJ5LnRlc3QvP2hlcmQ9cHJldmlldyI7fXM6NjoiX2ZsYXNoIjthOjI6e3M6Mzoib2xkIjthOjA6e31zOjM6Im5ldyI7YTowOnt9fX0=', 1739828147),
('3XoiltHC7y2JnGyCqabygPqg8NAQpWIMTmIy3BBF', NULL, '127.0.0.1', 'Mozilla/5.0 (Windows NT 10.0; Win64; x64) AppleWebKit/537.36 (KHTML, like Gecko) Herd/1.14.0 Chrome/120.0.6099.291 Electron/28.2.5 Safari/537.36', 'YTozOntzOjY6Il90b2tlbiI7czo0MDoiV1VrdzV3SU5Pem5CdExVc2t5cTlKaVFieHBaQm9kTjU5WjQ1RTl2UCI7czo5OiJfcHJldmlvdXMiO2E6MTp7czozOiJ1cmwiO3M6MzM6Imh0dHA6Ly9saWJyYXJ5LnRlc3QvP2hlcmQ9cHJldmlldyI7fXM6NjoiX2ZsYXNoIjthOjI6e3M6Mzoib2xkIjthOjA6e31zOjM6Im5ldyI7YTowOnt9fX0=', 1739829866),
('48Vyo3tHIY8MHCvPfSp6ASih2BH3X0AwoUfPs2JO', NULL, '127.0.0.1', 'Mozilla/5.0 (Windows NT 10.0; Win64; x64) AppleWebKit/537.36 (KHTML, like Gecko) Herd/1.14.0 Chrome/120.0.6099.291 Electron/28.2.5 Safari/537.36', 'YTozOntzOjY6Il90b2tlbiI7czo0MDoiSUtWM21kN2FNdVNTZ0ZpOXkwc3ZHZzVJelg4OWp0a1dEVVExQ0dxMyI7czo5OiJfcHJldmlvdXMiO2E6MTp7czozOiJ1cmwiO3M6MzM6Imh0dHA6Ly9saWJyYXJ5LnRlc3QvP2hlcmQ9cHJldmlldyI7fXM6NjoiX2ZsYXNoIjthOjI6e3M6Mzoib2xkIjthOjA6e31zOjM6Im5ldyI7YTowOnt9fX0=', 1739828579),
('4nRCiAlsSWvk7McHv2iRKlb2SqfBv9LZz1JSOiRz', NULL, '127.0.0.1', 'Mozilla/5.0 (Windows NT 10.0; Win64; x64) AppleWebKit/537.36 (KHTML, like Gecko) Herd/1.14.0 Chrome/120.0.6099.291 Electron/28.2.5 Safari/537.36', 'YTozOntzOjY6Il90b2tlbiI7czo0MDoiaVR3MGRHRklJZFlRVnpycHV6MHgxQ0Jhd3BuZTdFTUFiNkJmUVBWMyI7czo5OiJfcHJldmlvdXMiO2E6MTp7czozOiJ1cmwiO3M6MzM6Imh0dHA6Ly9saWJyYXJ5LnRlc3QvP2hlcmQ9cHJldmlldyI7fXM6NjoiX2ZsYXNoIjthOjI6e3M6Mzoib2xkIjthOjA6e31zOjM6Im5ldyI7YTowOnt9fX0=', 1739828669),
('5PMznW9EDEmaRlGMefmZhEVTe916gxvUKc9zKXyD', NULL, '127.0.0.1', 'Mozilla/5.0 (Windows NT 10.0; Win64; x64) AppleWebKit/537.36 (KHTML, like Gecko) Herd/1.14.0 Chrome/120.0.6099.291 Electron/28.2.5 Safari/537.36', 'YTozOntzOjY6Il90b2tlbiI7czo0MDoiVk1jR2tNWXlrV0NIa3RaTFRYejZHOVRFakFuYWVMb1FIWlBVWTRtSCI7czo5OiJfcHJldmlvdXMiO2E6MTp7czozOiJ1cmwiO3M6MzM6Imh0dHA6Ly9saWJyYXJ5LnRlc3QvP2hlcmQ9cHJldmlldyI7fXM6NjoiX2ZsYXNoIjthOjI6e3M6Mzoib2xkIjthOjA6e31zOjM6Im5ldyI7YTowOnt9fX0=', 1739828547),
('7oGyYSe1jQatC12bYPnsaSdZXbZkdTW5TGmgnlZ3', NULL, '127.0.0.1', 'Mozilla/5.0 (Windows NT 10.0; Win64; x64) AppleWebKit/537.36 (KHTML, like Gecko) Herd/1.14.0 Chrome/120.0.6099.291 Electron/28.2.5 Safari/537.36', 'YTozOntzOjY6Il90b2tlbiI7czo0MDoiUjl0Zk1lenNZYnVTOTd3VHcyT0ZRc2tPZE5rZEdCU0lOMEttR1loZSI7czo5OiJfcHJldmlvdXMiO2E6MTp7czozOiJ1cmwiO3M6MzM6Imh0dHA6Ly9saWJyYXJ5LnRlc3QvP2hlcmQ9cHJldmlldyI7fXM6NjoiX2ZsYXNoIjthOjI6e3M6Mzoib2xkIjthOjA6e31zOjM6Im5ldyI7YTowOnt9fX0=', 1739830638),
('7zYk8QVe0KfWSdibMu04Ng7ihNJ1wTXw5wVKuAUp', NULL, '127.0.0.1', 'Mozilla/5.0 (Windows NT 10.0; Win64; x64) AppleWebKit/537.36 (KHTML, like Gecko) Herd/1.14.0 Chrome/120.0.6099.291 Electron/28.2.5 Safari/537.36', 'YTozOntzOjY6Il90b2tlbiI7czo0MDoiOWRPU09qck5TUjl3eEFrbnRDeTYyWE94VEZBdDdPM3JoQUp4b3dPOCI7czo5OiJfcHJldmlvdXMiO2E6MTp7czozOiJ1cmwiO3M6MzM6Imh0dHA6Ly9saWJyYXJ5LnRlc3QvP2hlcmQ9cHJldmlldyI7fXM6NjoiX2ZsYXNoIjthOjI6e3M6Mzoib2xkIjthOjA6e31zOjM6Im5ldyI7YTowOnt9fX0=', 1739828740),
('94sO5cTuCBIHzbJHlHo8dqpWdZV8XR6aAcMsAj2k', NULL, '127.0.0.1', 'Mozilla/5.0 (Windows NT 10.0; Win64; x64) AppleWebKit/537.36 (KHTML, like Gecko) Herd/1.14.0 Chrome/120.0.6099.291 Electron/28.2.5 Safari/537.36', 'YTozOntzOjY6Il90b2tlbiI7czo0MDoiRXZ1SEZnVFZpZWhNYnlqREIzeXM5VW9UcUdMTlNuZXl0U0xmYWtlYyI7czo5OiJfcHJldmlvdXMiO2E6MTp7czozOiJ1cmwiO3M6MzM6Imh0dHA6Ly9saWJyYXJ5LnRlc3QvP2hlcmQ9cHJldmlldyI7fXM6NjoiX2ZsYXNoIjthOjI6e3M6Mzoib2xkIjthOjA6e31zOjM6Im5ldyI7YTowOnt9fX0=', 1739829668),
('9B56KaX4H4ACuiXaXDsBXJ7PvsQuCtsQIgWHBka9', NULL, '127.0.0.1', 'Mozilla/5.0 (Windows NT 10.0; Win64; x64) AppleWebKit/537.36 (KHTML, like Gecko) Herd/1.14.0 Chrome/120.0.6099.291 Electron/28.2.5 Safari/537.36', 'YTozOntzOjY6Il90b2tlbiI7czo0MDoiSkdHNG5IVGp2ZGlUaGlHNDhmSExZUzM4NUxIRVBZMXpqYWIzaWczeSI7czo5OiJfcHJldmlvdXMiO2E6MTp7czozOiJ1cmwiO3M6MzM6Imh0dHA6Ly9saWJyYXJ5LnRlc3QvP2hlcmQ9cHJldmlldyI7fXM6NjoiX2ZsYXNoIjthOjI6e3M6Mzoib2xkIjthOjA6e31zOjM6Im5ldyI7YTowOnt9fX0=', 1739828526),
('9iX8BheSFKOE29yK3urlxPOu0U9zCZKtBaMyhwCX', NULL, '127.0.0.1', 'Mozilla/5.0 (Windows NT 10.0; Win64; x64) AppleWebKit/537.36 (KHTML, like Gecko) Herd/1.14.0 Chrome/120.0.6099.291 Electron/28.2.5 Safari/537.36', 'YTozOntzOjY6Il90b2tlbiI7czo0MDoieFhDZHc1TnJ0am05R1pWeTFnUzR1eTd4WlNqNHZoZm43NHdZemJHMSI7czo5OiJfcHJldmlvdXMiO2E6MTp7czozOiJ1cmwiO3M6MzM6Imh0dHA6Ly9saWJyYXJ5LnRlc3QvP2hlcmQ9cHJldmlldyI7fXM6NjoiX2ZsYXNoIjthOjI6e3M6Mzoib2xkIjthOjA6e31zOjM6Im5ldyI7YTowOnt9fX0=', 1739828801),
('9N2MBc280yufEzYqJ775uv5uFxuuiMWeLAC63CA3', NULL, '127.0.0.1', 'Mozilla/5.0 (Windows NT 10.0; Win64; x64) AppleWebKit/537.36 (KHTML, like Gecko) Herd/1.14.0 Chrome/120.0.6099.291 Electron/28.2.5 Safari/537.36', 'YTozOntzOjY6Il90b2tlbiI7czo0MDoiZXVtZk55R2dzempOR2JxS2ZZMVZ0OEJJaHVZVE9odjF2bEh6V2IxdiI7czo5OiJfcHJldmlvdXMiO2E6MTp7czozOiJ1cmwiO3M6MzM6Imh0dHA6Ly9saWJyYXJ5LnRlc3QvP2hlcmQ9cHJldmlldyI7fXM6NjoiX2ZsYXNoIjthOjI6e3M6Mzoib2xkIjthOjA6e31zOjM6Im5ldyI7YTowOnt9fX0=', 1739828509),
('9sjHpDM6yppuqmaRRHhGPhtdDmiRCkpC2teXLOLQ', NULL, '127.0.0.1', 'Mozilla/5.0 (Windows NT 10.0; Win64; x64) AppleWebKit/537.36 (KHTML, like Gecko) Herd/1.14.0 Chrome/120.0.6099.291 Electron/28.2.5 Safari/537.36', 'YTozOntzOjY6Il90b2tlbiI7czo0MDoidVhXYTFUelpFSUtETXJYem5xSXBXamI2cG9NWmFtYW1pT05pTGRhTyI7czo5OiJfcHJldmlvdXMiO2E6MTp7czozOiJ1cmwiO3M6MzM6Imh0dHA6Ly9saWJyYXJ5LnRlc3QvP2hlcmQ9cHJldmlldyI7fXM6NjoiX2ZsYXNoIjthOjI6e3M6Mzoib2xkIjthOjA6e31zOjM6Im5ldyI7YTowOnt9fX0=', 1739828140),
('b3EWrBDXySOQ589wwWOQxMf9KbwpiD0Sggn433Jp', NULL, '127.0.0.1', 'Mozilla/5.0 (Windows NT 10.0; Win64; x64) AppleWebKit/537.36 (KHTML, like Gecko) Herd/1.14.0 Chrome/120.0.6099.291 Electron/28.2.5 Safari/537.36', 'YTozOntzOjY6Il90b2tlbiI7czo0MDoibXhyOHhmTnViNXEzYmF0OTYxQW9lNG5kcHh4d1g2b0NDdm1xSlJXUyI7czo5OiJfcHJldmlvdXMiO2E6MTp7czozOiJ1cmwiO3M6MzM6Imh0dHA6Ly9saWJyYXJ5LnRlc3QvP2hlcmQ9cHJldmlldyI7fXM6NjoiX2ZsYXNoIjthOjI6e3M6Mzoib2xkIjthOjA6e31zOjM6Im5ldyI7YTowOnt9fX0=', 1739829308),
('cGUGtT4ZjSVonJiNJcTQ4MGAPLWIemz6uNnqlb7M', NULL, '127.0.0.1', 'Mozilla/5.0 (Windows NT 10.0; Win64; x64) AppleWebKit/537.36 (KHTML, like Gecko) Herd/1.14.0 Chrome/120.0.6099.291 Electron/28.2.5 Safari/537.36', 'YTozOntzOjY6Il90b2tlbiI7czo0MDoiMlVTYzUyWFF5WndtanZnd2pWUlQxR05RUVJoQmRtbjJuNXJlTDdUYyI7czo5OiJfcHJldmlvdXMiO2E6MTp7czozOiJ1cmwiO3M6MzM6Imh0dHA6Ly9saWJyYXJ5LnRlc3QvP2hlcmQ9cHJldmlldyI7fXM6NjoiX2ZsYXNoIjthOjI6e3M6Mzoib2xkIjthOjA6e31zOjM6Im5ldyI7YTowOnt9fX0=', 1739829033),
('cMVWWL8WgqZxJWIkvsHGKUFHauK8SrCFoF3CGy8a', NULL, '127.0.0.1', 'Mozilla/5.0 (Windows NT 10.0; Win64; x64) AppleWebKit/537.36 (KHTML, like Gecko) Herd/1.14.0 Chrome/120.0.6099.291 Electron/28.2.5 Safari/537.36', 'YTozOntzOjY6Il90b2tlbiI7czo0MDoiV0hqeXpaQWZleEl4TmgyellJb2ViOEpUWFZqdkgyQXpaT1hrdHNoVSI7czo5OiJfcHJldmlvdXMiO2E6MTp7czozOiJ1cmwiO3M6MzM6Imh0dHA6Ly9saWJyYXJ5LnRlc3QvP2hlcmQ9cHJldmlldyI7fXM6NjoiX2ZsYXNoIjthOjI6e3M6Mzoib2xkIjthOjA6e31zOjM6Im5ldyI7YTowOnt9fX0=', 1739829290),
('d3TUUhgJWEdsSqmgByiQIehhFMqbKNGMdxaTkreQ', NULL, '127.0.0.1', 'Mozilla/5.0 (Windows NT 10.0; Win64; x64) AppleWebKit/537.36 (KHTML, like Gecko) Herd/1.14.0 Chrome/120.0.6099.291 Electron/28.2.5 Safari/537.36', 'YTozOntzOjY6Il90b2tlbiI7czo0MDoiZXR1cm1RdXVYY2hmWDVISEVxWVdEVUVXVUZpWVFnRGZIQUdzUHViUiI7czo5OiJfcHJldmlvdXMiO2E6MTp7czozOiJ1cmwiO3M6MzM6Imh0dHA6Ly9saWJyYXJ5LnRlc3QvP2hlcmQ9cHJldmlldyI7fXM6NjoiX2ZsYXNoIjthOjI6e3M6Mzoib2xkIjthOjA6e31zOjM6Im5ldyI7YTowOnt9fX0=', 1739829289),
('D4TuSG7z6NqgHSm3Yb9TDvUKOBdvt3pfmN64uVVk', NULL, '127.0.0.1', 'Mozilla/5.0 (Windows NT 10.0; Win64; x64) AppleWebKit/537.36 (KHTML, like Gecko) Herd/1.14.0 Chrome/120.0.6099.291 Electron/28.2.5 Safari/537.36', 'YTozOntzOjY6Il90b2tlbiI7czo0MDoieExIWTVkM2R3R2dYa005NlpsbXNCM05KTFlWa3Uwc0dNWlh3WmhJSSI7czo5OiJfcHJldmlvdXMiO2E6MTp7czozOiJ1cmwiO3M6MzM6Imh0dHA6Ly9saWJyYXJ5LnRlc3QvP2hlcmQ9cHJldmlldyI7fXM6NjoiX2ZsYXNoIjthOjI6e3M6Mzoib2xkIjthOjA6e31zOjM6Im5ldyI7YTowOnt9fX0=', 1739830694),
('DHGPxgFEjyRV6PidFmRSAu1CQee6Z3hzgB2slz6J', NULL, '127.0.0.1', 'Mozilla/5.0 (Windows NT 10.0; Win64; x64) AppleWebKit/537.36 (KHTML, like Gecko) Herd/1.14.0 Chrome/120.0.6099.291 Electron/28.2.5 Safari/537.36', 'YTozOntzOjY6Il90b2tlbiI7czo0MDoiRzJvODR6TEN1c0wxMTVHTzYza2ZKN1pqNGd3SzZSQThjVjJzeGdBSyI7czo5OiJfcHJldmlvdXMiO2E6MTp7czozOiJ1cmwiO3M6MzM6Imh0dHA6Ly9saWJyYXJ5LnRlc3QvP2hlcmQ9cHJldmlldyI7fXM6NjoiX2ZsYXNoIjthOjI6e3M6Mzoib2xkIjthOjA6e31zOjM6Im5ldyI7YTowOnt9fX0=', 1739828121),
('dih7KoGx5DPFy0Ph3uYSsBJGDgkhDimCqIbyrIQJ', NULL, '127.0.0.1', 'Mozilla/5.0 (Windows NT 10.0; Win64; x64) AppleWebKit/537.36 (KHTML, like Gecko) Herd/1.14.0 Chrome/120.0.6099.291 Electron/28.2.5 Safari/537.36', 'YTozOntzOjY6Il90b2tlbiI7czo0MDoiajZ2NFNtTU0yNDY0OGFwZzZER0phTmVGQkZCSkhGakZyM3Y0NHNXRSI7czo5OiJfcHJldmlvdXMiO2E6MTp7czozOiJ1cmwiO3M6MzM6Imh0dHA6Ly9saWJyYXJ5LnRlc3QvP2hlcmQ9cHJldmlldyI7fXM6NjoiX2ZsYXNoIjthOjI6e3M6Mzoib2xkIjthOjA6e31zOjM6Im5ldyI7YTowOnt9fX0=', 1739828135),
('dTUrrV2K193fhpDnwiwZZ2mGwVma6MDWKDVrhwGa', NULL, '127.0.0.1', 'Mozilla/5.0 (Windows NT 10.0; Win64; x64) AppleWebKit/537.36 (KHTML, like Gecko) Herd/1.14.0 Chrome/120.0.6099.291 Electron/28.2.5 Safari/537.36', 'YTozOntzOjY6Il90b2tlbiI7czo0MDoiR3REODZCQ1hTQTRSRUdDMDJaczh0Z1NReXNTM2ppc3ZlQlZydVJRVyI7czo5OiJfcHJldmlvdXMiO2E6MTp7czozOiJ1cmwiO3M6MzM6Imh0dHA6Ly9saWJyYXJ5LnRlc3QvP2hlcmQ9cHJldmlldyI7fXM6NjoiX2ZsYXNoIjthOjI6e3M6Mzoib2xkIjthOjA6e31zOjM6Im5ldyI7YTowOnt9fX0=', 1739828656),
('E8Vi6WbCNDtMj4e8ia6uh4N9FqXm6qgkGuYgxozp', NULL, '127.0.0.1', 'Mozilla/5.0 (Windows NT 10.0; Win64; x64) AppleWebKit/537.36 (KHTML, like Gecko) Herd/1.14.0 Chrome/120.0.6099.291 Electron/28.2.5 Safari/537.36', 'YTozOntzOjY6Il90b2tlbiI7czo0MDoiSkZYVklwOFpoRmVydzM0SEZieDlGczRURExNNmlRV3lwWG5YanNGRiI7czo5OiJfcHJldmlvdXMiO2E6MTp7czozOiJ1cmwiO3M6MzM6Imh0dHA6Ly9saWJyYXJ5LnRlc3QvP2hlcmQ9cHJldmlldyI7fXM6NjoiX2ZsYXNoIjthOjI6e3M6Mzoib2xkIjthOjA6e31zOjM6Im5ldyI7YTowOnt9fX0=', 1739828727),
('E9iJGA6Wysh42ohJDB4Ne2HPcLKsCexdWJErXNMq', NULL, '127.0.0.1', 'Mozilla/5.0 (Windows NT 10.0; Win64; x64) AppleWebKit/537.36 (KHTML, like Gecko) Herd/1.14.0 Chrome/120.0.6099.291 Electron/28.2.5 Safari/537.36', 'YTozOntzOjY6Il90b2tlbiI7czo0MDoiczZxbTlWbGx5cWh2a2VrbUpMOU9aWW1WcHIyOXYwSVgza1NqSUx1TiI7czo5OiJfcHJldmlvdXMiO2E6MTp7czozOiJ1cmwiO3M6MzM6Imh0dHA6Ly9saWJyYXJ5LnRlc3QvP2hlcmQ9cHJldmlldyI7fXM6NjoiX2ZsYXNoIjthOjI6e3M6Mzoib2xkIjthOjA6e31zOjM6Im5ldyI7YTowOnt9fX0=', 1739829239),
('EkCxG9g75pL5uR8dExD0rzPOcBudr85a3Vyxjr0Y', NULL, '127.0.0.1', 'Mozilla/5.0 (Windows NT 10.0; Win64; x64) AppleWebKit/537.36 (KHTML, like Gecko) Herd/1.14.0 Chrome/120.0.6099.291 Electron/28.2.5 Safari/537.36', 'YTozOntzOjY6Il90b2tlbiI7czo0MDoiZ0pqZ0FpdjFGWUZacWxEQ29KOEdKZTFuUnlGUGdseW9adDV3ak4xeSI7czo5OiJfcHJldmlvdXMiO2E6MTp7czozOiJ1cmwiO3M6MzM6Imh0dHA6Ly9saWJyYXJ5LnRlc3QvP2hlcmQ9cHJldmlldyI7fXM6NjoiX2ZsYXNoIjthOjI6e3M6Mzoib2xkIjthOjA6e31zOjM6Im5ldyI7YTowOnt9fX0=', 1739828581),
('ELsIK7ZFpL7N9fxPMdjEMqTFtc484MwILUpY8nyq', NULL, '127.0.0.1', 'Mozilla/5.0 (Windows NT 10.0; Win64; x64) AppleWebKit/537.36 (KHTML, like Gecko) Herd/1.14.0 Chrome/120.0.6099.291 Electron/28.2.5 Safari/537.36', 'YTozOntzOjY6Il90b2tlbiI7czo0MDoiMENjN3cySkVrMzA3RFA3OXJKbFpjbzlYM21KN1kzSUVOMEZnM3lReiI7czo5OiJfcHJldmlvdXMiO2E6MTp7czozOiJ1cmwiO3M6MzM6Imh0dHA6Ly9saWJyYXJ5LnRlc3QvP2hlcmQ9cHJldmlldyI7fXM6NjoiX2ZsYXNoIjthOjI6e3M6Mzoib2xkIjthOjA6e31zOjM6Im5ldyI7YTowOnt9fX0=', 1739828819),
('eT3o6K2TVVFU6vqGtbnqpzNOuzEfkoaRYc7OSVdL', NULL, '127.0.0.1', 'Mozilla/5.0 (Windows NT 10.0; Win64; x64) AppleWebKit/537.36 (KHTML, like Gecko) Herd/1.14.0 Chrome/120.0.6099.291 Electron/28.2.5 Safari/537.36', 'YTozOntzOjY6Il90b2tlbiI7czo0MDoiYUZOcTZhUzNmMkdVTjY4d2Z2RzZYb1dWMVJMd3I4SjFVaXQzbUNDeCI7czo5OiJfcHJldmlvdXMiO2E6MTp7czozOiJ1cmwiO3M6MzM6Imh0dHA6Ly9saWJyYXJ5LnRlc3QvP2hlcmQ9cHJldmlldyI7fXM6NjoiX2ZsYXNoIjthOjI6e3M6Mzoib2xkIjthOjA6e31zOjM6Im5ldyI7YTowOnt9fX0=', 1739828510),
('eXSeNGUKcbbFPsz87gu4tWC9t2KjJWFIyTYtztJD', NULL, '127.0.0.1', 'Mozilla/5.0 (Windows NT 10.0; Win64; x64) AppleWebKit/537.36 (KHTML, like Gecko) Herd/1.14.0 Chrome/120.0.6099.291 Electron/28.2.5 Safari/537.36', 'YTozOntzOjY6Il90b2tlbiI7czo0MDoiTk9oWjd4WFo2SWVVZVJFekU1WGpOZzBQNXlRM05jSkhUUGhwVUQ1ZSI7czo5OiJfcHJldmlvdXMiO2E6MTp7czozOiJ1cmwiO3M6MzM6Imh0dHA6Ly9saWJyYXJ5LnRlc3QvP2hlcmQ9cHJldmlldyI7fXM6NjoiX2ZsYXNoIjthOjI6e3M6Mzoib2xkIjthOjA6e31zOjM6Im5ldyI7YTowOnt9fX0=', 1739828924),
('f1KRitXwCfMGFW9ufXap4F293iokVdHUtmOBFacH', NULL, '127.0.0.1', 'Mozilla/5.0 (Windows NT 10.0; Win64; x64) AppleWebKit/537.36 (KHTML, like Gecko) Herd/1.14.0 Chrome/120.0.6099.291 Electron/28.2.5 Safari/537.36', 'YTozOntzOjY6Il90b2tlbiI7czo0MDoiR0g4a2NsMGNVaVptVDBOUmlFTmJxbXBqVTNjYUNZVnZ3eGlyVHRrcyI7czo5OiJfcHJldmlvdXMiO2E6MTp7czozOiJ1cmwiO3M6MzM6Imh0dHA6Ly9saWJyYXJ5LnRlc3QvP2hlcmQ9cHJldmlldyI7fXM6NjoiX2ZsYXNoIjthOjI6e3M6Mzoib2xkIjthOjA6e31zOjM6Im5ldyI7YTowOnt9fX0=', 1739830265),
('fbR2GCjiRstiwQs2azQXwpwBh3L9Mw5EQQjjJ1kn', NULL, '127.0.0.1', 'Mozilla/5.0 (Windows NT 10.0; Win64; x64) AppleWebKit/537.36 (KHTML, like Gecko) Herd/1.14.0 Chrome/120.0.6099.291 Electron/28.2.5 Safari/537.36', 'YTozOntzOjY6Il90b2tlbiI7czo0MDoidEhNNkxXdm82UFhOU09Fdlp0ZHM5UlhpYjliSFZCT1lzQTB4UGJTSyI7czo5OiJfcHJldmlvdXMiO2E6MTp7czozOiJ1cmwiO3M6MzM6Imh0dHA6Ly9saWJyYXJ5LnRlc3QvP2hlcmQ9cHJldmlldyI7fXM6NjoiX2ZsYXNoIjthOjI6e3M6Mzoib2xkIjthOjA6e31zOjM6Im5ldyI7YTowOnt9fX0=', 1739829238),
('fhLbQ9mrNHQWeO4FuXokIAvD4tT1DZV62I7xX8cI', NULL, '127.0.0.1', 'Mozilla/5.0 (Windows NT 10.0; Win64; x64) AppleWebKit/537.36 (KHTML, like Gecko) Herd/1.14.0 Chrome/120.0.6099.291 Electron/28.2.5 Safari/537.36', 'YTozOntzOjY6Il90b2tlbiI7czo0MDoiQkJjeGdYTVpqbVBFRDJXMUxiRzZqMXQ5RDd6dUhHMDgzd2ZUU05MdiI7czo5OiJfcHJldmlvdXMiO2E6MTp7czozOiJ1cmwiO3M6MzM6Imh0dHA6Ly9saWJyYXJ5LnRlc3QvP2hlcmQ9cHJldmlldyI7fXM6NjoiX2ZsYXNoIjthOjI6e3M6Mzoib2xkIjthOjA6e31zOjM6Im5ldyI7YTowOnt9fX0=', 1739830513),
('ggaWXcj3hhpZur7bM0dpnKkrMOUYKMPQUH4nTm8g', NULL, '127.0.0.1', 'Mozilla/5.0 (Windows NT 10.0; Win64; x64) AppleWebKit/537.36 (KHTML, like Gecko) Herd/1.14.0 Chrome/120.0.6099.291 Electron/28.2.5 Safari/537.36', 'YTozOntzOjY6Il90b2tlbiI7czo0MDoiSWZIZEJHSGIxOVJFMTZra0w2ZkpMQU1nVVVid3YxejBXdGtHUlphMSI7czo5OiJfcHJldmlvdXMiO2E6MTp7czozOiJ1cmwiO3M6MzM6Imh0dHA6Ly9saWJyYXJ5LnRlc3QvP2hlcmQ9cHJldmlldyI7fXM6NjoiX2ZsYXNoIjthOjI6e3M6Mzoib2xkIjthOjA6e31zOjM6Im5ldyI7YTowOnt9fX0=', 1739830677),
('gl3cyv9rTi5cHHz12bjEgkGtf0pHEHJqeEJuKhzL', NULL, '127.0.0.1', 'Mozilla/5.0 (Windows NT 10.0; Win64; x64) AppleWebKit/537.36 (KHTML, like Gecko) Herd/1.14.0 Chrome/120.0.6099.291 Electron/28.2.5 Safari/537.36', 'YTozOntzOjY6Il90b2tlbiI7czo0MDoiWVN1TVdvVGx1MGJmbWJvVDNLNGRHZ3g0R25OV3Q4VjJkRW5xcHpiTSI7czo5OiJfcHJldmlvdXMiO2E6MTp7czozOiJ1cmwiO3M6MzM6Imh0dHA6Ly9saWJyYXJ5LnRlc3QvP2hlcmQ9cHJldmlldyI7fXM6NjoiX2ZsYXNoIjthOjI6e3M6Mzoib2xkIjthOjA6e31zOjM6Im5ldyI7YTowOnt9fX0=', 1739828742),
('Gv4aCttGMCafRZ0x5ZkRLEbHwUPYmSqgD5cjcLL6', NULL, '127.0.0.1', 'Mozilla/5.0 (Windows NT 10.0; Win64; x64) AppleWebKit/537.36 (KHTML, like Gecko) Herd/1.14.0 Chrome/120.0.6099.291 Electron/28.2.5 Safari/537.36', 'YTozOntzOjY6Il90b2tlbiI7czo0MDoiMVRUaEcwNmhRdnNYODdnSkFkdHFaYW9IQ0NNMThDMzMyT3NzMTFXcCI7czo5OiJfcHJldmlvdXMiO2E6MTp7czozOiJ1cmwiO3M6MzM6Imh0dHA6Ly9saWJyYXJ5LnRlc3QvP2hlcmQ9cHJldmlldyI7fXM6NjoiX2ZsYXNoIjthOjI6e3M6Mzoib2xkIjthOjA6e31zOjM6Im5ldyI7YTowOnt9fX0=', 1739828551),
('hG9dOCwmuBYXFXFH0LmYaBVG7XNYGZDCKZ0IUGZa', NULL, '127.0.0.1', 'Mozilla/5.0 (Windows NT 10.0; Win64; x64) AppleWebKit/537.36 (KHTML, like Gecko) Herd/1.14.0 Chrome/120.0.6099.291 Electron/28.2.5 Safari/537.36', 'YTozOntzOjY6Il90b2tlbiI7czo0MDoiYmtpWHd0U2lVdTJHNk1FRnlXTzlYeGZ0UVZscGVnMmFMa25XcUdLUCI7czo5OiJfcHJldmlvdXMiO2E6MTp7czozOiJ1cmwiO3M6MzM6Imh0dHA6Ly9saWJyYXJ5LnRlc3QvP2hlcmQ9cHJldmlldyI7fXM6NjoiX2ZsYXNoIjthOjI6e3M6Mzoib2xkIjthOjA6e31zOjM6Im5ldyI7YTowOnt9fX0=', 1739829307),
('IibiiDvW86yW0Bq5cgRhHzmxEtoMDXzGkK46vB00', NULL, '127.0.0.1', 'Mozilla/5.0 (Windows NT 10.0; Win64; x64) AppleWebKit/537.36 (KHTML, like Gecko) Herd/1.14.0 Chrome/120.0.6099.291 Electron/28.2.5 Safari/537.36', 'YTozOntzOjY6Il90b2tlbiI7czo0MDoiZzhXU1hTNnFaaFdBT2hGdUNnQlBBRHBreWhKWnhhekV1REp6ZkpJUyI7czo5OiJfcHJldmlvdXMiO2E6MTp7czozOiJ1cmwiO3M6MzM6Imh0dHA6Ly9saWJyYXJ5LnRlc3QvP2hlcmQ9cHJldmlldyI7fXM6NjoiX2ZsYXNoIjthOjI6e3M6Mzoib2xkIjthOjA6e31zOjM6Im5ldyI7YTowOnt9fX0=', 1739827856),
('JCrPfjdL94smYarVC8lGq6309qgTWo8T4EPQGzKk', NULL, '127.0.0.1', 'Mozilla/5.0 (Windows NT 10.0; Win64; x64) AppleWebKit/537.36 (KHTML, like Gecko) Herd/1.14.0 Chrome/120.0.6099.291 Electron/28.2.5 Safari/537.36', 'YTozOntzOjY6Il90b2tlbiI7czo0MDoiVkF5akMxWFBxRmpMMGpoOUZCa3VTSUJrcnZhZFd2NGZleWxZN2pBNyI7czo5OiJfcHJldmlvdXMiO2E6MTp7czozOiJ1cmwiO3M6MzM6Imh0dHA6Ly9saWJyYXJ5LnRlc3QvP2hlcmQ9cHJldmlldyI7fXM6NjoiX2ZsYXNoIjthOjI6e3M6Mzoib2xkIjthOjA6e31zOjM6Im5ldyI7YTowOnt9fX0=', 1739828549),
('JJr4BB0y6FUpSQtJ6ucsh4nrb5vLLcyCPmPpQpEd', NULL, '127.0.0.1', 'Mozilla/5.0 (Windows NT 10.0; Win64; x64) AppleWebKit/537.36 (KHTML, like Gecko) Herd/1.14.0 Chrome/120.0.6099.291 Electron/28.2.5 Safari/537.36', 'YTozOntzOjY6Il90b2tlbiI7czo0MDoid0lyM1NkTlppVGVqQk04QmY5M2ZIbFFuNmVaMllEYWlYTXlDbFg2WSI7czo5OiJfcHJldmlvdXMiO2E6MTp7czozOiJ1cmwiO3M6MzM6Imh0dHA6Ly9saWJyYXJ5LnRlc3QvP2hlcmQ9cHJldmlldyI7fXM6NjoiX2ZsYXNoIjthOjI6e3M6Mzoib2xkIjthOjA6e31zOjM6Im5ldyI7YTowOnt9fX0=', 1739828543),
('kF2nLl84UeEneDtd823vvxPHxMM0FT5Wo2DJ4k9d', NULL, '127.0.0.1', 'Mozilla/5.0 (Windows NT 10.0; Win64; x64) AppleWebKit/537.36 (KHTML, like Gecko) Herd/1.14.0 Chrome/120.0.6099.291 Electron/28.2.5 Safari/537.36', 'YTozOntzOjY6Il90b2tlbiI7czo0MDoiaXBrVEZ6ZjJNeVBWd3VYb0RNdVJKU1p5MnN0dVo3dFZIM0hETmZ3ZyI7czo5OiJfcHJldmlvdXMiO2E6MTp7czozOiJ1cmwiO3M6MzM6Imh0dHA6Ly9saWJyYXJ5LnRlc3QvP2hlcmQ9cHJldmlldyI7fXM6NjoiX2ZsYXNoIjthOjI6e3M6Mzoib2xkIjthOjA6e31zOjM6Im5ldyI7YTowOnt9fX0=', 1739830107),
('kg9vkAfkX0BCeX12bG3UBL4vp2D3Rf5TcPwuUbx9', NULL, '127.0.0.1', 'Mozilla/5.0 (Windows NT 10.0; Win64; x64) AppleWebKit/537.36 (KHTML, like Gecko) Herd/1.14.0 Chrome/120.0.6099.291 Electron/28.2.5 Safari/537.36', 'YTozOntzOjY6Il90b2tlbiI7czo0MDoiRDg5NUk5NUxrTU5DNXdIQzB1a2RvU1dNQXBXajc2cWhCWHpuZ2NlQyI7czo5OiJfcHJldmlvdXMiO2E6MTp7czozOiJ1cmwiO3M6MzM6Imh0dHA6Ly9saWJyYXJ5LnRlc3QvP2hlcmQ9cHJldmlldyI7fXM6NjoiX2ZsYXNoIjthOjI6e3M6Mzoib2xkIjthOjA6e31zOjM6Im5ldyI7YTowOnt9fX0=', 1739828925),
('KNYd1VybNjLWuFwbHptdj8JYo06PXTUvd6bgggWT', NULL, '127.0.0.1', 'Mozilla/5.0 (Windows NT 10.0; Win64; x64) AppleWebKit/537.36 (KHTML, like Gecko) Herd/1.14.0 Chrome/120.0.6099.291 Electron/28.2.5 Safari/537.36', 'YTozOntzOjY6Il90b2tlbiI7czo0MDoiZWFUT3FXODlVTVBxU2xnV0VINDhzMzZySUJOdWx2YmF3NHFuZ3VibiI7czo5OiJfcHJldmlvdXMiO2E6MTp7czozOiJ1cmwiO3M6MzM6Imh0dHA6Ly9saWJyYXJ5LnRlc3QvP2hlcmQ9cHJldmlldyI7fXM6NjoiX2ZsYXNoIjthOjI6e3M6Mzoib2xkIjthOjA6e31zOjM6Im5ldyI7YTowOnt9fX0=', 1739829599),
('l74qqtaBO7AqDLos9tZ24LWkHiPkKIleK0SWL0iq', NULL, '127.0.0.1', 'Mozilla/5.0 (Windows NT 10.0; Win64; x64) AppleWebKit/537.36 (KHTML, like Gecko) Herd/1.14.0 Chrome/120.0.6099.291 Electron/28.2.5 Safari/537.36', 'YTozOntzOjY6Il90b2tlbiI7czo0MDoiZnlUTlNQWVNZSzJyeGM5YmJMM3RJZzlFYjdTQ3FqWWg4MWtNMVphdiI7czo5OiJfcHJldmlvdXMiO2E6MTp7czozOiJ1cmwiO3M6MzM6Imh0dHA6Ly9saWJyYXJ5LnRlc3QvP2hlcmQ9cHJldmlldyI7fXM6NjoiX2ZsYXNoIjthOjI6e3M6Mzoib2xkIjthOjA6e31zOjM6Im5ldyI7YTowOnt9fX0=', 1739828670),
('LBpIKdXPXrJSAOJw6pap4yehKPixGn4KYvQ3iilK', NULL, '127.0.0.1', 'Mozilla/5.0 (Windows NT 10.0; Win64; x64) AppleWebKit/537.36 (KHTML, like Gecko) Herd/1.14.0 Chrome/120.0.6099.291 Electron/28.2.5 Safari/537.36', 'YTozOntzOjY6Il90b2tlbiI7czo0MDoiS05RaVNnSnlOaVN4bTRVcVNNS3B1dUNtVTQ1NHhYOTZIaGZuRVNyQyI7czo5OiJfcHJldmlvdXMiO2E6MTp7czozOiJ1cmwiO3M6MzM6Imh0dHA6Ly9saWJyYXJ5LnRlc3QvP2hlcmQ9cHJldmlldyI7fXM6NjoiX2ZsYXNoIjthOjI6e3M6Mzoib2xkIjthOjA6e31zOjM6Im5ldyI7YTowOnt9fX0=', 1739828744),
('lH4LnZN0lFgx3V3DqPtbPWYiDnhErgYfOu6JDEyg', NULL, '127.0.0.1', 'Mozilla/5.0 (Windows NT 10.0; Win64; x64) AppleWebKit/537.36 (KHTML, like Gecko) Herd/1.14.0 Chrome/120.0.6099.291 Electron/28.2.5 Safari/537.36', 'YTozOntzOjY6Il90b2tlbiI7czo0MDoiUVJmUll4bU5sWTIwSW9lRndwMklmM2RkbEJFd1NlaUN4YXVaUXhTMCI7czo5OiJfcHJldmlvdXMiO2E6MTp7czozOiJ1cmwiO3M6MzM6Imh0dHA6Ly9saWJyYXJ5LnRlc3QvP2hlcmQ9cHJldmlldyI7fXM6NjoiX2ZsYXNoIjthOjI6e3M6Mzoib2xkIjthOjA6e31zOjM6Im5ldyI7YTowOnt9fX0=', 1739830268),
('lRRWT6ho2HYq3vcE3BpJgzv2bmBa4CNsuv9zaLKj', NULL, '127.0.0.1', 'Mozilla/5.0 (Windows NT 10.0; Win64; x64) AppleWebKit/537.36 (KHTML, like Gecko) Herd/1.14.0 Chrome/120.0.6099.291 Electron/28.2.5 Safari/537.36', 'YTozOntzOjY6Il90b2tlbiI7czo0MDoibjI2ZWRvZnBMWkNOc0N5Q0EyVXJIMndIZFVScWVhaWhMc25pWnEyaSI7czo5OiJfcHJldmlvdXMiO2E6MTp7czozOiJ1cmwiO3M6MzM6Imh0dHA6Ly9saWJyYXJ5LnRlc3QvP2hlcmQ9cHJldmlldyI7fXM6NjoiX2ZsYXNoIjthOjI6e3M6Mzoib2xkIjthOjA6e31zOjM6Im5ldyI7YTowOnt9fX0=', 1739830688),
('M3ki0RdMBVY4UVwQECq7uEx7MRKRtGNb9pdPQeNO', NULL, '127.0.0.1', 'Mozilla/5.0 (Windows NT 10.0; Win64; x64) AppleWebKit/537.36 (KHTML, like Gecko) Herd/1.14.0 Chrome/120.0.6099.291 Electron/28.2.5 Safari/537.36', 'YTozOntzOjY6Il90b2tlbiI7czo0MDoiOUVvTkZFU1g2U0doa2o4NXNlWk1aU3I1MUt0aTJYdjhIaGJlUHIwbiI7czo5OiJfcHJldmlvdXMiO2E6MTp7czozOiJ1cmwiO3M6MzM6Imh0dHA6Ly9saWJyYXJ5LnRlc3QvP2hlcmQ9cHJldmlldyI7fXM6NjoiX2ZsYXNoIjthOjI6e3M6Mzoib2xkIjthOjA6e31zOjM6Im5ldyI7YTowOnt9fX0=', 1739830111),
('Mf3e6pHQsqfZNTh3HGKBCGAHmBOqvJLrtNAX7ZBR', NULL, '127.0.0.1', 'Mozilla/5.0 (Windows NT 10.0; Win64; x64) AppleWebKit/537.36 (KHTML, like Gecko) Herd/1.14.0 Chrome/120.0.6099.291 Electron/28.2.5 Safari/537.36', 'YTozOntzOjY6Il90b2tlbiI7czo0MDoiaGJiYjU0OWFyU3V2MVBzWVc3MVgyeGtMQVFnOUJiQTJCbGtiN3ZKeiI7czo5OiJfcHJldmlvdXMiO2E6MTp7czozOiJ1cmwiO3M6MzM6Imh0dHA6Ly9saWJyYXJ5LnRlc3QvP2hlcmQ9cHJldmlldyI7fXM6NjoiX2ZsYXNoIjthOjI6e3M6Mzoib2xkIjthOjA6e31zOjM6Im5ldyI7YTowOnt9fX0=', 1739830510),
('mmWfcU8UESYHYckCtQqQ9n3Xld2VBwjdz8lCj3Mp', NULL, '127.0.0.1', 'Mozilla/5.0 (Windows NT 10.0; Win64; x64) AppleWebKit/537.36 (KHTML, like Gecko) Herd/1.14.0 Chrome/120.0.6099.291 Electron/28.2.5 Safari/537.36', 'YTozOntzOjY6Il90b2tlbiI7czo0MDoiNEFvUnlxWEZSczhJQlVNUGxzWVJRNWJkTHlXQVdZWGhIQjF6TURENSI7czo5OiJfcHJldmlvdXMiO2E6MTp7czozOiJ1cmwiO3M6MzM6Imh0dHA6Ly9saWJyYXJ5LnRlc3QvP2hlcmQ9cHJldmlldyI7fXM6NjoiX2ZsYXNoIjthOjI6e3M6Mzoib2xkIjthOjA6e31zOjM6Im5ldyI7YTowOnt9fX0=', 1739830712),
('mvT8xICOBOCJlkeai90I9azSai1fayUqAH0Nj7Ou', NULL, '127.0.0.1', 'Mozilla/5.0 (Windows NT 10.0; Win64; x64) AppleWebKit/537.36 (KHTML, like Gecko) Herd/1.14.0 Chrome/120.0.6099.291 Electron/28.2.5 Safari/537.36', 'YTozOntzOjY6Il90b2tlbiI7czo0MDoiWWVHTGZKSTUxRGE0VEFpOW9RRWFJM1oxSHpqaG1QbDVneWw5Z0tweCI7czo5OiJfcHJldmlvdXMiO2E6MTp7czozOiJ1cmwiO3M6MzM6Imh0dHA6Ly9saWJyYXJ5LnRlc3QvP2hlcmQ9cHJldmlldyI7fXM6NjoiX2ZsYXNoIjthOjI6e3M6Mzoib2xkIjthOjA6e31zOjM6Im5ldyI7YTowOnt9fX0=', 1739828090),
('NeiQqNy09bMB2zbwTdhJW1RTeQB09rM53c1DueIw', NULL, '127.0.0.1', 'Mozilla/5.0 (Windows NT 10.0; Win64; x64) AppleWebKit/537.36 (KHTML, like Gecko) Herd/1.14.0 Chrome/120.0.6099.291 Electron/28.2.5 Safari/537.36', 'YTozOntzOjY6Il90b2tlbiI7czo0MDoiZ3l4cUNJSHBSbUpwVHVLMVJMWUNFNTlYSDRkRVpEY0taWndVUEhMNSI7czo5OiJfcHJldmlvdXMiO2E6MTp7czozOiJ1cmwiO3M6MzM6Imh0dHA6Ly9saWJyYXJ5LnRlc3QvP2hlcmQ9cHJldmlldyI7fXM6NjoiX2ZsYXNoIjthOjI6e3M6Mzoib2xkIjthOjA6e31zOjM6Im5ldyI7YTowOnt9fX0=', 1739830698),
('nHnpQwMYdb2NKEPi57b6rNyemocoUCXhKX9hqazg', NULL, '127.0.0.1', 'Mozilla/5.0 (Windows NT 10.0; Win64; x64) AppleWebKit/537.36 (KHTML, like Gecko) Herd/1.14.0 Chrome/120.0.6099.291 Electron/28.2.5 Safari/537.36', 'YTozOntzOjY6Il90b2tlbiI7czo0MDoidDBqZkN0REllcXZPUDg2NlE3Z1NQY2s3ZTdkRVZRUjBxQm5LcmZ6ZCI7czo5OiJfcHJldmlvdXMiO2E6MTp7czozOiJ1cmwiO3M6MzM6Imh0dHA6Ly9saWJyYXJ5LnRlc3QvP2hlcmQ9cHJldmlldyI7fXM6NjoiX2ZsYXNoIjthOjI6e3M6Mzoib2xkIjthOjA6e31zOjM6Im5ldyI7YTowOnt9fX0=', 1739828766),
('nnc8plBbAjpxBbIf8UOtpJttyZlgA6ZH3INS6sgA', NULL, '127.0.0.1', 'Mozilla/5.0 (Windows NT 10.0; Win64; x64) AppleWebKit/537.36 (KHTML, like Gecko) Herd/1.14.0 Chrome/120.0.6099.291 Electron/28.2.5 Safari/537.36', 'YTozOntzOjY6Il90b2tlbiI7czo0MDoiOVB6dzBtSElXWjZnaThGYW5KYnhaRXVXUGV3UDNBTE92aVZ4bGt1biI7czo5OiJfcHJldmlvdXMiO2E6MTp7czozOiJ1cmwiO3M6MzM6Imh0dHA6Ly9saWJyYXJ5LnRlc3QvP2hlcmQ9cHJldmlldyI7fXM6NjoiX2ZsYXNoIjthOjI6e3M6Mzoib2xkIjthOjA6e31zOjM6Im5ldyI7YTowOnt9fX0=', 1739830697),
('NtENCifjbLmPGQECoIGgQsmY1KGJrUBv6Ky7VDzS', NULL, '127.0.0.1', 'Mozilla/5.0 (Windows NT 10.0; Win64; x64) AppleWebKit/537.36 (KHTML, like Gecko) Herd/1.14.0 Chrome/120.0.6099.291 Electron/28.2.5 Safari/537.36', 'YTozOntzOjY6Il90b2tlbiI7czo0MDoiWWVNeVB6Z3pwcDliUlhoU0JPdEE5YVJ1bFNxZzlNS3ZwMmR4TnRLaSI7czo5OiJfcHJldmlvdXMiO2E6MTp7czozOiJ1cmwiO3M6MzM6Imh0dHA6Ly9saWJyYXJ5LnRlc3QvP2hlcmQ9cHJldmlldyI7fXM6NjoiX2ZsYXNoIjthOjI6e3M6Mzoib2xkIjthOjA6e31zOjM6Im5ldyI7YTowOnt9fX0=', 1739828138),
('oiYOPp7KsdI4t7elGiagH6FobPxB3ewPTuCzhw1A', NULL, '127.0.0.1', 'Mozilla/5.0 (Windows NT 10.0; Win64; x64) AppleWebKit/537.36 (KHTML, like Gecko) Herd/1.14.0 Chrome/120.0.6099.291 Electron/28.2.5 Safari/537.36', 'YTozOntzOjY6Il90b2tlbiI7czo0MDoiV1F2SmZtZG1qa0tKVEhWS3VTcm9SSDQzS3lXUnlhOFRlUVRXOFRzdCI7czo5OiJfcHJldmlvdXMiO2E6MTp7czozOiJ1cmwiO3M6MzM6Imh0dHA6Ly9saWJyYXJ5LnRlc3QvP2hlcmQ9cHJldmlldyI7fXM6NjoiX2ZsYXNoIjthOjI6e3M6Mzoib2xkIjthOjA6e31zOjM6Im5ldyI7YTowOnt9fX0=', 1739829548),
('oQHj9AUoTldOBO33BZML1R236wnFVqynI2Dz5BlY', NULL, '127.0.0.1', 'Mozilla/5.0 (Windows NT 10.0; Win64; x64) AppleWebKit/537.36 (KHTML, like Gecko) Chrome/132.0.0.0 Safari/537.36', 'YTozOntzOjY6Il90b2tlbiI7czo0MDoiYU9za2o5aXpPQU1pd2VpZ01QQWRBdG5JcGdYeU03YXdQYTk1UUtZcSI7czo5OiJfcHJldmlvdXMiO2E6MTp7czozOiJ1cmwiO3M6MjU6Imh0dHA6Ly9saWJyYXJ5LnRlc3QvYm9va3MiO31zOjY6Il9mbGFzaCI7YToyOntzOjM6Im9sZCI7YTowOnt9czozOiJuZXciO2E6MDp7fX19', 1739830720),
('P6gvkYHF3gsHkHZC0xdGDoXl2kzhQ5quO8yZTdaB', NULL, '127.0.0.1', 'Mozilla/5.0 (Windows NT 10.0; Win64; x64) AppleWebKit/537.36 (KHTML, like Gecko) Herd/1.14.0 Chrome/120.0.6099.291 Electron/28.2.5 Safari/537.36', 'YTozOntzOjY6Il90b2tlbiI7czo0MDoianUxbDNiOEliTGdiRlBubDRCNXMzaVZIcjllZWhOUHEyZm9NOWw4YyI7czo5OiJfcHJldmlvdXMiO2E6MTp7czozOiJ1cmwiO3M6MzM6Imh0dHA6Ly9saWJyYXJ5LnRlc3QvP2hlcmQ9cHJldmlldyI7fXM6NjoiX2ZsYXNoIjthOjI6e3M6Mzoib2xkIjthOjA6e31zOjM6Im5ldyI7YTowOnt9fX0=', 1739828581),
('PEJhNYQT18yVlW02xvo3pyIO0kgeyr5d7Dx8Kzuq', NULL, '127.0.0.1', 'Mozilla/5.0 (Windows NT 10.0; Win64; x64) AppleWebKit/537.36 (KHTML, like Gecko) Herd/1.14.0 Chrome/120.0.6099.291 Electron/28.2.5 Safari/537.36', 'YTozOntzOjY6Il90b2tlbiI7czo0MDoiaHhoNXNOMU80WUdVbzFqYlVJQk5DYXRaYVpJNGd1dExxZGFzV3NKdSI7czo5OiJfcHJldmlvdXMiO2E6MTp7czozOiJ1cmwiO3M6MzM6Imh0dHA6Ly9saWJyYXJ5LnRlc3QvP2hlcmQ9cHJldmlldyI7fXM6NjoiX2ZsYXNoIjthOjI6e3M6Mzoib2xkIjthOjA6e31zOjM6Im5ldyI7YTowOnt9fX0=', 1739828538),
('Q5SnBTOaRAHqvKdfTOkfh7xrzN2XntUDqQzudlva', NULL, '127.0.0.1', 'Mozilla/5.0 (Windows NT 10.0; Win64; x64) AppleWebKit/537.36 (KHTML, like Gecko) Herd/1.14.0 Chrome/120.0.6099.291 Electron/28.2.5 Safari/537.36', 'YTozOntzOjY6Il90b2tlbiI7czo0MDoib0JXZ3NTTU5FeUp1UzVVWldLNldXWmZLRWVJclQ2RnU3RW5GTVl3WiI7czo5OiJfcHJldmlvdXMiO2E6MTp7czozOiJ1cmwiO3M6MzM6Imh0dHA6Ly9saWJyYXJ5LnRlc3QvP2hlcmQ9cHJldmlldyI7fXM6NjoiX2ZsYXNoIjthOjI6e3M6Mzoib2xkIjthOjA6e31zOjM6Im5ldyI7YTowOnt9fX0=', 1739830261),
('QBBMN05PFHp5CFMGlDwgd28tt6h8PVDvI0l4ntgd', NULL, '127.0.0.1', 'Mozilla/5.0 (Windows NT 10.0; Win64; x64) AppleWebKit/537.36 (KHTML, like Gecko) Herd/1.14.0 Chrome/120.0.6099.291 Electron/28.2.5 Safari/537.36', 'YTozOntzOjY6Il90b2tlbiI7czo0MDoid00xRjBka3hmYXE5dnI4QjkzNVZKNkhIdUdRcnZJVzFBd1ROMGo0ciI7czo5OiJfcHJldmlvdXMiO2E6MTp7czozOiJ1cmwiO3M6MzM6Imh0dHA6Ly9saWJyYXJ5LnRlc3QvP2hlcmQ9cHJldmlldyI7fXM6NjoiX2ZsYXNoIjthOjI6e3M6Mzoib2xkIjthOjA6e31zOjM6Im5ldyI7YTowOnt9fX0=', 1739829859),
('qVrM8lOPD16PJDXdHMFPnvnVGOLa6OBf6FGVhMFR', NULL, '127.0.0.1', 'Mozilla/5.0 (Windows NT 10.0; Win64; x64) AppleWebKit/537.36 (KHTML, like Gecko) Herd/1.14.0 Chrome/120.0.6099.291 Electron/28.2.5 Safari/537.36', 'YTozOntzOjY6Il90b2tlbiI7czo0MDoiVFdudndoczlhaWc5bkI0a3JMemtYWXBwZGtabEVPcW1CaVF3SVgxUiI7czo5OiJfcHJldmlvdXMiO2E6MTp7czozOiJ1cmwiO3M6MzM6Imh0dHA6Ly9saWJyYXJ5LnRlc3QvP2hlcmQ9cHJldmlldyI7fXM6NjoiX2ZsYXNoIjthOjI6e3M6Mzoib2xkIjthOjA6e31zOjM6Im5ldyI7YTowOnt9fX0=', 1739828550),
('R2RTr3bL4Rikmb0jhn2HWKrlFJOhO8dtscBDGIBE', NULL, '127.0.0.1', 'Mozilla/5.0 (Windows NT 10.0; Win64; x64) AppleWebKit/537.36 (KHTML, like Gecko) Herd/1.14.0 Chrome/120.0.6099.291 Electron/28.2.5 Safari/537.36', 'YTozOntzOjY6Il90b2tlbiI7czo0MDoiak9YYWJXZjd6dG4yVWFDRDFmM2d6WkZuQkdadGp0WlhYaWd2ZXQ4WCI7czo5OiJfcHJldmlvdXMiO2E6MTp7czozOiJ1cmwiO3M6MzM6Imh0dHA6Ly9saWJyYXJ5LnRlc3QvP2hlcmQ9cHJldmlldyI7fXM6NjoiX2ZsYXNoIjthOjI6e3M6Mzoib2xkIjthOjA6e31zOjM6Im5ldyI7YTowOnt9fX0=', 1739830510),
('R7bsrCrgoJF8oLstToiSvCPVvyuD5B9pYoihpUdH', NULL, '127.0.0.1', 'Mozilla/5.0 (Windows NT 10.0; Win64; x64) AppleWebKit/537.36 (KHTML, like Gecko) Herd/1.14.0 Chrome/120.0.6099.291 Electron/28.2.5 Safari/537.36', 'YTozOntzOjY6Il90b2tlbiI7czo0MDoibXlHRVMwaHZYQkxMMVNsZXVGMUM1YWw2NUdFUFE1YjZJOXlCQm1oQiI7czo5OiJfcHJldmlvdXMiO2E6MTp7czozOiJ1cmwiO3M6MzM6Imh0dHA6Ly9saWJyYXJ5LnRlc3QvP2hlcmQ9cHJldmlldyI7fXM6NjoiX2ZsYXNoIjthOjI6e3M6Mzoib2xkIjthOjA6e31zOjM6Im5ldyI7YTowOnt9fX0=', 1739829941),
('RpVO2yKyvNKJDG4xbSt2lTfXApX0xVtuy5a0YhD3', NULL, '127.0.0.1', 'Mozilla/5.0 (Windows NT 10.0; Win64; x64) AppleWebKit/537.36 (KHTML, like Gecko) Herd/1.14.0 Chrome/120.0.6099.291 Electron/28.2.5 Safari/537.36', 'YTozOntzOjY6Il90b2tlbiI7czo0MDoiZEdDWHdyQVRralB0RHY3c2tZZ1VsSXNDbTQ3Vm9WOER4alE1d2FRSSI7czo5OiJfcHJldmlvdXMiO2E6MTp7czozOiJ1cmwiO3M6MzM6Imh0dHA6Ly9saWJyYXJ5LnRlc3QvP2hlcmQ9cHJldmlldyI7fXM6NjoiX2ZsYXNoIjthOjI6e3M6Mzoib2xkIjthOjA6e31zOjM6Im5ldyI7YTowOnt9fX0=', 1739828174),
('rq0kUonxmkamc14pmwrSAGRHpeBChAUL1ZJdDsfy', NULL, '127.0.0.1', 'Mozilla/5.0 (Windows NT 10.0; Win64; x64) AppleWebKit/537.36 (KHTML, like Gecko) Herd/1.14.0 Chrome/120.0.6099.291 Electron/28.2.5 Safari/537.36', 'YTozOntzOjY6Il90b2tlbiI7czo0MDoiVjlCYTQzWVVXcFNXMExtNnE0cmhKSnNiQ3Y5V0lrd0dIbUxYY0d3dCI7czo5OiJfcHJldmlvdXMiO2E6MTp7czozOiJ1cmwiO3M6MzM6Imh0dHA6Ly9saWJyYXJ5LnRlc3QvP2hlcmQ9cHJldmlldyI7fXM6NjoiX2ZsYXNoIjthOjI6e3M6Mzoib2xkIjthOjA6e31zOjM6Im5ldyI7YTowOnt9fX0=', 1739829940),
('RrQ4c4AdaVwTeD9m3uchsVpl9rooPLMjolWSf1kT', NULL, '127.0.0.1', 'Mozilla/5.0 (Windows NT 10.0; Win64; x64) AppleWebKit/537.36 (KHTML, like Gecko) Herd/1.14.0 Chrome/120.0.6099.291 Electron/28.2.5 Safari/537.36', 'YTozOntzOjY6Il90b2tlbiI7czo0MDoiWWxZd0NQR3JUYVZsRUY1bVpRVkhxc0JOYW9KVUNpTmVod1JLUVp0NiI7czo5OiJfcHJldmlvdXMiO2E6MTp7czozOiJ1cmwiO3M6MzM6Imh0dHA6Ly9saWJyYXJ5LnRlc3QvP2hlcmQ9cHJldmlldyI7fXM6NjoiX2ZsYXNoIjthOjI6e3M6Mzoib2xkIjthOjA6e31zOjM6Im5ldyI7YTowOnt9fX0=', 1739828586),
('SkwPYjAmn4Lgoegce5uFkc5a6D1urDtRGXPfy6xJ', NULL, '127.0.0.1', 'Mozilla/5.0 (Windows NT 10.0; Win64; x64) AppleWebKit/537.36 (KHTML, like Gecko) Herd/1.14.0 Chrome/120.0.6099.291 Electron/28.2.5 Safari/537.36', 'YTozOntzOjY6Il90b2tlbiI7czo0MDoiblVoek1rZmdGb0ZvTWdEbHJUaTVZWVNrTjQxN0J4YlFpZVd0YW12QSI7czo5OiJfcHJldmlvdXMiO2E6MTp7czozOiJ1cmwiO3M6MzM6Imh0dHA6Ly9saWJyYXJ5LnRlc3QvP2hlcmQ9cHJldmlldyI7fXM6NjoiX2ZsYXNoIjthOjI6e3M6Mzoib2xkIjthOjA6e31zOjM6Im5ldyI7YTowOnt9fX0=', 1739829256),
('SSBByaKfpfEKCwSzqJbQecVFC8BKs4V39AGB3Dba', NULL, '127.0.0.1', 'Mozilla/5.0 (Windows NT 10.0; Win64; x64) AppleWebKit/537.36 (KHTML, like Gecko) Herd/1.14.0 Chrome/120.0.6099.291 Electron/28.2.5 Safari/537.36', 'YTozOntzOjY6Il90b2tlbiI7czo0MDoiTHpFN2ZrT3RTSm1nWkR1UU9rZ1NIQng0MGpLdEtVOXRZWHF1RUlyOCI7czo5OiJfcHJldmlvdXMiO2E6MTp7czozOiJ1cmwiO3M6MzM6Imh0dHA6Ly9saWJyYXJ5LnRlc3QvP2hlcmQ9cHJldmlldyI7fXM6NjoiX2ZsYXNoIjthOjI6e3M6Mzoib2xkIjthOjA6e31zOjM6Im5ldyI7YTowOnt9fX0=', 1739828773),
('t2I9dz1tcCc80aZPiNAFDUzQF4grs6VNYyV8Ou8B', NULL, '127.0.0.1', 'Mozilla/5.0 (Windows NT 10.0; Win64; x64) AppleWebKit/537.36 (KHTML, like Gecko) Herd/1.14.0 Chrome/120.0.6099.291 Electron/28.2.5 Safari/537.36', 'YTozOntzOjY6Il90b2tlbiI7czo0MDoiVXNHOURqZnM2cmhLbDE0SDdPbTE2Q083R3RlaEtYbnJwV0pjYXk2MiI7czo5OiJfcHJldmlvdXMiO2E6MTp7czozOiJ1cmwiO3M6MzM6Imh0dHA6Ly9saWJyYXJ5LnRlc3QvP2hlcmQ9cHJldmlldyI7fXM6NjoiX2ZsYXNoIjthOjI6e3M6Mzoib2xkIjthOjA6e31zOjM6Im5ldyI7YTowOnt9fX0=', 1739830072),
('t35oINSAb6RdvfLMyDaMmf9fP4boeJPbHsBFkWoK', NULL, '127.0.0.1', 'Mozilla/5.0 (Windows NT 10.0; Win64; x64) AppleWebKit/537.36 (KHTML, like Gecko) Herd/1.14.0 Chrome/120.0.6099.291 Electron/28.2.5 Safari/537.36', 'YTozOntzOjY6Il90b2tlbiI7czo0MDoiUGhZUzRlNW5YWTNEZ1p1a2RJYWV0UTczblBscXJkdmdKQXZzTk9ZdSI7czo5OiJfcHJldmlvdXMiO2E6MTp7czozOiJ1cmwiO3M6MzM6Imh0dHA6Ly9saWJyYXJ5LnRlc3QvP2hlcmQ9cHJldmlldyI7fXM6NjoiX2ZsYXNoIjthOjI6e3M6Mzoib2xkIjthOjA6e31zOjM6Im5ldyI7YTowOnt9fX0=', 1739828169),
('Tfzuzc6rTxiL6kcd0WHIKK7bFIuAl0SYPQUm13SY', NULL, '127.0.0.1', 'Mozilla/5.0 (Windows NT 10.0; Win64; x64) AppleWebKit/537.36 (KHTML, like Gecko) Herd/1.14.0 Chrome/120.0.6099.291 Electron/28.2.5 Safari/537.36', 'YTozOntzOjY6Il90b2tlbiI7czo0MDoiNWNNTGNKemdoYk9UMTNyVnRHM1JCTUU0MFdhM243dWFQbDA2bmV1UyI7czo5OiJfcHJldmlvdXMiO2E6MTp7czozOiJ1cmwiO3M6MzM6Imh0dHA6Ly9saWJyYXJ5LnRlc3QvP2hlcmQ9cHJldmlldyI7fXM6NjoiX2ZsYXNoIjthOjI6e3M6Mzoib2xkIjthOjA6e31zOjM6Im5ldyI7YTowOnt9fX0=', 1739828553),
('tIMjn96ENqOAfLCJATjsePUSxatRsEDaJ7x3rAqn', NULL, '127.0.0.1', 'Mozilla/5.0 (Windows NT 10.0; Win64; x64) AppleWebKit/537.36 (KHTML, like Gecko) Herd/1.14.0 Chrome/120.0.6099.291 Electron/28.2.5 Safari/537.36', 'YTozOntzOjY6Il90b2tlbiI7czo0MDoiQnZ0UW8xZ3VYSGhrM0tTNWt6c3U1Rm1lTGtORDNQNHo1ZlN3TUJUQiI7czo5OiJfcHJldmlvdXMiO2E6MTp7czozOiJ1cmwiO3M6MzM6Imh0dHA6Ly9saWJyYXJ5LnRlc3QvP2hlcmQ9cHJldmlldyI7fXM6NjoiX2ZsYXNoIjthOjI6e3M6Mzoib2xkIjthOjA6e31zOjM6Im5ldyI7YTowOnt9fX0=', 1739830676),
('tl1HTvZo6WvRDuiNtu4P1mp48cLmrwYySLyEQc2S', NULL, '127.0.0.1', 'Mozilla/5.0 (Windows NT 10.0; Win64; x64) AppleWebKit/537.36 (KHTML, like Gecko) Herd/1.14.0 Chrome/120.0.6099.291 Electron/28.2.5 Safari/537.36', 'YTozOntzOjY6Il90b2tlbiI7czo0MDoibk9iRjM5MjRQazZoSWN3cWFWNFZNYVkwZ0VlUUxmaWdBUmVNWFV4RSI7czo5OiJfcHJldmlvdXMiO2E6MTp7czozOiJ1cmwiO3M6MzM6Imh0dHA6Ly9saWJyYXJ5LnRlc3QvP2hlcmQ9cHJldmlldyI7fXM6NjoiX2ZsYXNoIjthOjI6e3M6Mzoib2xkIjthOjA6e31zOjM6Im5ldyI7YTowOnt9fX0=', 1739828768),
('UC2epkkuD6vYxrMxzshuVbSeW21xG3lSZ6Or4tYK', NULL, '127.0.0.1', 'Mozilla/5.0 (Windows NT 10.0; Win64; x64) AppleWebKit/537.36 (KHTML, like Gecko) Herd/1.14.0 Chrome/120.0.6099.291 Electron/28.2.5 Safari/537.36', 'YTozOntzOjY6Il90b2tlbiI7czo0MDoieVJ6ZHE2YlE2S3BSZDBqOUQwQnIycE02NzRyQ0ZVRnB1NTRRRE8zcyI7czo5OiJfcHJldmlvdXMiO2E6MTp7czozOiJ1cmwiO3M6MzM6Imh0dHA6Ly9saWJyYXJ5LnRlc3QvP2hlcmQ9cHJldmlldyI7fXM6NjoiX2ZsYXNoIjthOjI6e3M6Mzoib2xkIjthOjA6e31zOjM6Im5ldyI7YTowOnt9fX0=', 1739830677),
('UpSq1tLkT5acBgaieNqTz4HuVkuHU4bPOqvOwK51', NULL, '127.0.0.1', 'Mozilla/5.0 (Windows NT 10.0; Win64; x64) AppleWebKit/537.36 (KHTML, like Gecko) Herd/1.14.0 Chrome/120.0.6099.291 Electron/28.2.5 Safari/537.36', 'YTozOntzOjY6Il90b2tlbiI7czo0MDoiaFRYUDdZU2pFNXNUZG5oaDFkU1BPQWlJMk15T0g0ZGRRbXhOTWpqbSI7czo5OiJfcHJldmlvdXMiO2E6MTp7czozOiJ1cmwiO3M6MzM6Imh0dHA6Ly9saWJyYXJ5LnRlc3QvP2hlcmQ9cHJldmlldyI7fXM6NjoiX2ZsYXNoIjthOjI6e3M6Mzoib2xkIjthOjA6e31zOjM6Im5ldyI7YTowOnt9fX0=', 1739830687),
('voiM4EVZmliEOEumoI0Kh9WoesvBWHMKDergxgif', NULL, '127.0.0.1', 'Mozilla/5.0 (Windows NT 10.0; Win64; x64) AppleWebKit/537.36 (KHTML, like Gecko) Herd/1.14.0 Chrome/120.0.6099.291 Electron/28.2.5 Safari/537.36', 'YTozOntzOjY6Il90b2tlbiI7czo0MDoiNTQ5WFdMS1hQdVNuckVqdEplckU4SW92dWxZMlZCSEhVUER2RU9LNCI7czo5OiJfcHJldmlvdXMiO2E6MTp7czozOiJ1cmwiO3M6MzM6Imh0dHA6Ly9saWJyYXJ5LnRlc3QvP2hlcmQ9cHJldmlldyI7fXM6NjoiX2ZsYXNoIjthOjI6e3M6Mzoib2xkIjthOjA6e31zOjM6Im5ldyI7YTowOnt9fX0=', 1739830693),
('VVcFWLS3CCOEHG0eT2QWZYpSCfDTPka4FmM9UT8C', NULL, '127.0.0.1', 'Mozilla/5.0 (Windows NT 10.0; Win64; x64) AppleWebKit/537.36 (KHTML, like Gecko) Herd/1.14.0 Chrome/120.0.6099.291 Electron/28.2.5 Safari/537.36', 'YTozOntzOjY6Il90b2tlbiI7czo0MDoiaWdaVGVoWHlUc0xlYXpFM2JyTHFIU1F5a1dFM1RWenZaY3Vkc1NtVyI7czo5OiJfcHJldmlvdXMiO2E6MTp7czozOiJ1cmwiO3M6MzM6Imh0dHA6Ly9saWJyYXJ5LnRlc3QvP2hlcmQ9cHJldmlldyI7fXM6NjoiX2ZsYXNoIjthOjI6e3M6Mzoib2xkIjthOjA6e31zOjM6Im5ldyI7YTowOnt9fX0=', 1739828546),
('W8b7fdOTKow76O2WTiomqpLKWLVcdU8eawUCl9Cu', NULL, '127.0.0.1', 'Mozilla/5.0 (Windows NT 10.0; Win64; x64) AppleWebKit/537.36 (KHTML, like Gecko) Herd/1.14.0 Chrome/120.0.6099.291 Electron/28.2.5 Safari/537.36', 'YTozOntzOjY6Il90b2tlbiI7czo0MDoiSE5HdlVFRWRRREl3c0hNdEc5R1dJandWZ3k3c1p3amY0Zm5hUTFJMyI7czo5OiJfcHJldmlvdXMiO2E6MTp7czozOiJ1cmwiO3M6MzM6Imh0dHA6Ly9saWJyYXJ5LnRlc3QvP2hlcmQ9cHJldmlldyI7fXM6NjoiX2ZsYXNoIjthOjI6e3M6Mzoib2xkIjthOjA6e31zOjM6Im5ldyI7YTowOnt9fX0=', 1739829308),
('wz7dA0SFkgzcdwKID6F9RGxP81HqpRsJhgHiLAco', NULL, '127.0.0.1', 'Mozilla/5.0 (Windows NT 10.0; Win64; x64) AppleWebKit/537.36 (KHTML, like Gecko) Herd/1.14.0 Chrome/120.0.6099.291 Electron/28.2.5 Safari/537.36', 'YTozOntzOjY6Il90b2tlbiI7czo0MDoibFliRGRWdEQ3WWd1d2xBblNIQkk3RENYeHFmOGI4MElJVHpnS040YyI7czo5OiJfcHJldmlvdXMiO2E6MTp7czozOiJ1cmwiO3M6MzM6Imh0dHA6Ly9saWJyYXJ5LnRlc3QvP2hlcmQ9cHJldmlldyI7fXM6NjoiX2ZsYXNoIjthOjI6e3M6Mzoib2xkIjthOjA6e31zOjM6Im5ldyI7YTowOnt9fX0=', 1739828541),
('WZCpyo8lBzFIsBjwZ4mjDEl5iEKnGRrwN4DcuOEu', NULL, '127.0.0.1', 'Mozilla/5.0 (Windows NT 10.0; Win64; x64) AppleWebKit/537.36 (KHTML, like Gecko) Herd/1.14.0 Chrome/120.0.6099.291 Electron/28.2.5 Safari/537.36', 'YTozOntzOjY6Il90b2tlbiI7czo0MDoiankySWtVazJQbUlCNk5rQzR6bExLRjRjcEpGZXZ6cjdqTm5GMkVTSSI7czo5OiJfcHJldmlvdXMiO2E6MTp7czozOiJ1cmwiO3M6MzM6Imh0dHA6Ly9saWJyYXJ5LnRlc3QvP2hlcmQ9cHJldmlldyI7fXM6NjoiX2ZsYXNoIjthOjI6e3M6Mzoib2xkIjthOjA6e31zOjM6Im5ldyI7YTowOnt9fX0=', 1739829599),
('XEYjojuwDNVr9cNE0mY3UEXsvyFZMzRrKREdl18p', NULL, '127.0.0.1', 'Mozilla/5.0 (Windows NT 10.0; Win64; x64) AppleWebKit/537.36 (KHTML, like Gecko) Herd/1.14.0 Chrome/120.0.6099.291 Electron/28.2.5 Safari/537.36', 'YTozOntzOjY6Il90b2tlbiI7czo0MDoiRlpIRFR6cFFLSmY0aW00WEFDdUlNMEs5c29oVHV6WThqNDJ6a0ZhZSI7czo5OiJfcHJldmlvdXMiO2E6MTp7czozOiJ1cmwiO3M6MzM6Imh0dHA6Ly9saWJyYXJ5LnRlc3QvP2hlcmQ9cHJldmlldyI7fXM6NjoiX2ZsYXNoIjthOjI6e3M6Mzoib2xkIjthOjA6e31zOjM6Im5ldyI7YTowOnt9fX0=', 1739830472),
('xLVMP6urLRoXHhqj47QUC2HgXDGvsIybatzJMoCT', NULL, '127.0.0.1', 'Mozilla/5.0 (Windows NT 10.0; Win64; x64) AppleWebKit/537.36 (KHTML, like Gecko) Herd/1.14.0 Chrome/120.0.6099.291 Electron/28.2.5 Safari/537.36', 'YTozOntzOjY6Il90b2tlbiI7czo0MDoiVnc3RG81WUNRWEVYS2s5YU1MdVJxY3lnanNJSzZDT1p1YnQ5eWx2eSI7czo5OiJfcHJldmlvdXMiO2E6MTp7czozOiJ1cmwiO3M6MzM6Imh0dHA6Ly9saWJyYXJ5LnRlc3QvP2hlcmQ9cHJldmlldyI7fXM6NjoiX2ZsYXNoIjthOjI6e3M6Mzoib2xkIjthOjA6e31zOjM6Im5ldyI7YTowOnt9fX0=', 1739830512),
('XUpHdPbKvkmLg1SfMiZJHfSmQkQcfnRD3R4dNo7N', NULL, '127.0.0.1', 'Mozilla/5.0 (Windows NT 10.0; Win64; x64) AppleWebKit/537.36 (KHTML, like Gecko) Herd/1.14.0 Chrome/120.0.6099.291 Electron/28.2.5 Safari/537.36', 'YTozOntzOjY6Il90b2tlbiI7czo0MDoiWTUzcm5MT2hKM0tUR2pWUXV6VTl2VzQ1WjNtYWF4a0Q4MW9NZ1NrTiI7czo5OiJfcHJldmlvdXMiO2E6MTp7czozOiJ1cmwiO3M6MzM6Imh0dHA6Ly9saWJyYXJ5LnRlc3QvP2hlcmQ9cHJldmlldyI7fXM6NjoiX2ZsYXNoIjthOjI6e3M6Mzoib2xkIjthOjA6e31zOjM6Im5ldyI7YTowOnt9fX0=', 1739828712),
('ynp7TPTq9mNKFyct0P2DdnYQuvyANJTEveUvNunz', NULL, '127.0.0.1', 'Mozilla/5.0 (Windows NT 10.0; Win64; x64) AppleWebKit/537.36 (KHTML, like Gecko) Herd/1.14.0 Chrome/120.0.6099.291 Electron/28.2.5 Safari/537.36', 'YTozOntzOjY6Il90b2tlbiI7czo0MDoiejlNbDljazJBN29qZzdZaWJBeFBRNVowZ1VJZFJ4WWVNRGJucVJIbiI7czo5OiJfcHJldmlvdXMiO2E6MTp7czozOiJ1cmwiO3M6MzM6Imh0dHA6Ly9saWJyYXJ5LnRlc3QvP2hlcmQ9cHJldmlldyI7fXM6NjoiX2ZsYXNoIjthOjI6e3M6Mzoib2xkIjthOjA6e31zOjM6Im5ldyI7YTowOnt9fX0=', 1739828552),
('ZbCrChGSjvyHo2rrxf9YHMO9BqGv7Vdgze3O4GmC', NULL, '127.0.0.1', 'Mozilla/5.0 (Windows NT 10.0; Win64; x64) AppleWebKit/537.36 (KHTML, like Gecko) Herd/1.14.0 Chrome/120.0.6099.291 Electron/28.2.5 Safari/537.36', 'YTozOntzOjY6Il90b2tlbiI7czo0MDoiNG5HTmJlQTNIUnV2ZHREbWQwYkFDOGduenhVUWIzc29tUHBJQmVXVCI7czo5OiJfcHJldmlvdXMiO2E6MTp7czozOiJ1cmwiO3M6MzM6Imh0dHA6Ly9saWJyYXJ5LnRlc3QvP2hlcmQ9cHJldmlldyI7fXM6NjoiX2ZsYXNoIjthOjI6e3M6Mzoib2xkIjthOjA6e31zOjM6Im5ldyI7YTowOnt9fX0=', 1739828118),
('ZFOoiAcEWdzNL2zdnRML2AUpn9cBrDPleKULsVx6', NULL, '127.0.0.1', 'Mozilla/5.0 (Windows NT 10.0; Win64; x64) AppleWebKit/537.36 (KHTML, like Gecko) Herd/1.14.0 Chrome/120.0.6099.291 Electron/28.2.5 Safari/537.36', 'YTozOntzOjY6Il90b2tlbiI7czo0MDoiVkZieUFsZHNockQyVWhrYWlHNGNaR2RDT3diT0JmaG5rd01Gc29BUCI7czo5OiJfcHJldmlvdXMiO2E6MTp7czozOiJ1cmwiO3M6MzM6Imh0dHA6Ly9saWJyYXJ5LnRlc3QvP2hlcmQ9cHJldmlldyI7fXM6NjoiX2ZsYXNoIjthOjI6e3M6Mzoib2xkIjthOjA6e31zOjM6Im5ldyI7YTowOnt9fX0=', 1739828539),
('zHFdIXJ83CO03mNjtdlc322mXIgZnK2uvv915aFD', NULL, '127.0.0.1', 'Mozilla/5.0 (Windows NT 10.0; Win64; x64) AppleWebKit/537.36 (KHTML, like Gecko) Herd/1.14.0 Chrome/120.0.6099.291 Electron/28.2.5 Safari/537.36', 'YTozOntzOjY6Il90b2tlbiI7czo0MDoib1lzOWZsdGFhdktMVm5LMjZGeXRacmIyYTJEQnRtT0NVRFpMUUhwcyI7czo5OiJfcHJldmlvdXMiO2E6MTp7czozOiJ1cmwiO3M6MzM6Imh0dHA6Ly9saWJyYXJ5LnRlc3QvP2hlcmQ9cHJldmlldyI7fXM6NjoiX2ZsYXNoIjthOjI6e3M6Mzoib2xkIjthOjA6e31zOjM6Im5ldyI7YTowOnt9fX0=', 1739830678),
('ZJDKfS7j6cKs2sNDA2Te5qtvZOjNjjbhHZoTLJdY', NULL, '127.0.0.1', 'Mozilla/5.0 (Windows NT 10.0; Win64; x64) AppleWebKit/537.36 (KHTML, like Gecko) Herd/1.14.0 Chrome/120.0.6099.291 Electron/28.2.5 Safari/537.36', 'YTozOntzOjY6Il90b2tlbiI7czo0MDoiSkFBWWVpZHEwc2dwaGxIUVpyMGtmSTlLbW1TdzlEMXVzUTBDeGNVdCI7czo5OiJfcHJldmlvdXMiO2E6MTp7czozOiJ1cmwiO3M6MzM6Imh0dHA6Ly9saWJyYXJ5LnRlc3QvP2hlcmQ9cHJldmlldyI7fXM6NjoiX2ZsYXNoIjthOjI6e3M6Mzoib2xkIjthOjA6e31zOjM6Im5ldyI7YTowOnt9fX0=', 1739830693);

-- --------------------------------------------------------

--
-- Struttura della tabella `users`
--

CREATE TABLE `users` (
  `id` bigint(20) UNSIGNED NOT NULL,
  `name` varchar(255) NOT NULL,
  `email` varchar(255) NOT NULL,
  `email_verified_at` timestamp NULL DEFAULT NULL,
  `password` varchar(255) NOT NULL,
  `remember_token` varchar(100) DEFAULT NULL,
  `created_at` timestamp NULL DEFAULT NULL,
  `updated_at` timestamp NULL DEFAULT NULL
) ENGINE=InnoDB DEFAULT CHARSET=utf8mb4 COLLATE=utf8mb4_unicode_ci;

--
-- Indici per le tabelle scaricate
--

--
-- Indici per le tabelle `authors`
--
ALTER TABLE `authors`
  ADD PRIMARY KEY (`id`);

--
-- Indici per le tabelle `books`
--
ALTER TABLE `books`
  ADD PRIMARY KEY (`id`),
  ADD KEY `author_id` (`author_id`);

--
-- Indici per le tabelle `cache`
--
ALTER TABLE `cache`
  ADD PRIMARY KEY (`key`);

--
-- Indici per le tabelle `cache_locks`
--
ALTER TABLE `cache_locks`
  ADD PRIMARY KEY (`key`);

--
-- Indici per le tabelle `failed_jobs`
--
ALTER TABLE `failed_jobs`
  ADD PRIMARY KEY (`id`),
  ADD UNIQUE KEY `failed_jobs_uuid_unique` (`uuid`);

--
-- Indici per le tabelle `jobs`
--
ALTER TABLE `jobs`
  ADD PRIMARY KEY (`id`),
  ADD KEY `jobs_queue_index` (`queue`);

--
-- Indici per le tabelle `job_batches`
--
ALTER TABLE `job_batches`
  ADD PRIMARY KEY (`id`);

--
-- Indici per le tabelle `loans`
--
ALTER TABLE `loans`
  ADD PRIMARY KEY (`id`),
  ADD KEY `book_id` (`book_id`);

--
-- Indici per le tabelle `migrations`
--
ALTER TABLE `migrations`
  ADD PRIMARY KEY (`id`);

--
-- Indici per le tabelle `password_reset_tokens`
--
ALTER TABLE `password_reset_tokens`
  ADD PRIMARY KEY (`email`);

--
-- Indici per le tabelle `sessions`
--
ALTER TABLE `sessions`
  ADD PRIMARY KEY (`id`),
  ADD KEY `sessions_user_id_index` (`user_id`),
  ADD KEY `sessions_last_activity_index` (`last_activity`);

--
-- Indici per le tabelle `users`
--
ALTER TABLE `users`
  ADD PRIMARY KEY (`id`),
  ADD UNIQUE KEY `users_email_unique` (`email`);

--
-- AUTO_INCREMENT per le tabelle scaricate
--

--
-- AUTO_INCREMENT per la tabella `authors`
--
ALTER TABLE `authors`
  MODIFY `id` int(11) NOT NULL AUTO_INCREMENT, AUTO_INCREMENT=5;

--
-- AUTO_INCREMENT per la tabella `books`
--
ALTER TABLE `books`
  MODIFY `id` int(11) NOT NULL AUTO_INCREMENT, AUTO_INCREMENT=5;

--
-- AUTO_INCREMENT per la tabella `failed_jobs`
--
ALTER TABLE `failed_jobs`
  MODIFY `id` bigint(20) UNSIGNED NOT NULL AUTO_INCREMENT;

--
-- AUTO_INCREMENT per la tabella `jobs`
--
ALTER TABLE `jobs`
  MODIFY `id` bigint(20) UNSIGNED NOT NULL AUTO_INCREMENT;

--
-- AUTO_INCREMENT per la tabella `loans`
--
ALTER TABLE `loans`
  MODIFY `id` int(11) NOT NULL AUTO_INCREMENT, AUTO_INCREMENT=7;

--
-- AUTO_INCREMENT per la tabella `migrations`
--
ALTER TABLE `migrations`
  MODIFY `id` int(10) UNSIGNED NOT NULL AUTO_INCREMENT, AUTO_INCREMENT=4;

--
-- AUTO_INCREMENT per la tabella `users`
--
ALTER TABLE `users`
  MODIFY `id` bigint(20) UNSIGNED NOT NULL AUTO_INCREMENT;

--
-- Limiti per le tabelle scaricate
--

--
-- Limiti per la tabella `books`
--
ALTER TABLE `books`
  ADD CONSTRAINT `books_ibfk_1` FOREIGN KEY (`author_id`) REFERENCES `authors` (`id`) ON DELETE CASCADE;

--
-- Limiti per la tabella `loans`
--
ALTER TABLE `loans`
  ADD CONSTRAINT `loans_ibfk_1` FOREIGN KEY (`book_id`) REFERENCES `books` (`id`) ON DELETE CASCADE;
COMMIT;

/*!40101 SET CHARACTER_SET_CLIENT=@OLD_CHARACTER_SET_CLIENT */;
/*!40101 SET CHARACTER_SET_RESULTS=@OLD_CHARACTER_SET_RESULTS */;
/*!40101 SET COLLATION_CONNECTION=@OLD_COLLATION_CONNECTION */;
